<?xml version="1.0" encoding="UTF-8" standalone="yes"?>
<addon id="plugin.video.laredoccwizard" name="Laredocc Wizard" version="1.0.1" provider-name="Laredocc Builds">
  <requires>
    <import addon="xbmc.python" version="2.1.0"/>
  </requires>
  <extension point="xbmc.python.pluginsource" library="default.py">
        <provides>video executable</provides>
  </extension>
  <extension point="xbmc.addon.metadata">
		<summary lang="en">Pulse Wizard</summary>
		<description lang="en">Pulse Wizard</description>
		<disclaimer lang="en">Credits Pulse Builds</disclaimer>
		<platform>all</platform>
	</extension>
</addon>
